"0","set.seed(123)  "
"0","normal_values <- rnorm(100)"
"0","logistic_values <- rlogis(100)"
"0",""
"0","data <- data.frame("
"0","  normal = normal_values,"
"0","  logistic = logistic_values"
"0",")"
"0","ggplot(data, aes(x = normal, y = logistic)) +"
"0","  geom_point(color = ""brown"") +  # Scatter plot with brown points"
"0","  geom_line(color = ""brown"") +   # Connect the points with lines"
"0","  labs(title = ""Scatter Plot with Line: Normal vs Logistic Distributions"", "
"0","       x = ""Normal Distribution"", y = ""Logistic Distribution"") +"
"0","  theme_solarized(light = FALSE) "
